<annotation>
	<folder>tuktuk</folder>
	<filename>tuktuk29.jpg</filename>
	<path>C:\Users\PriyalWalpita\Documents\tuktuk\tuktuk29.jpg</path>
	<source>
		<database>Unknown</database>
	</source>
	<size>
		<width>960</width>
		<height>640</height>
		<depth>3</depth>
	</size>
	<segmented>0</segmented>
	<object>
		<name>tuk tuk</name>
		<pose>Unspecified</pose>
		<truncated>0</truncated>
		<difficult>0</difficult>
		<bndbox>
			<xmin>346</xmin>
			<ymin>67</ymin>
			<xmax>703</xmax>
			<ymax>553</ymax>
		</bndbox>
	</object>
	<object>
		<name>tuk tuk</name>
		<pose>Unspecified</pose>
		<truncated>0</truncated>
		<difficult>0</difficult>
		<bndbox>
			<xmin>149</xmin>
			<ymin>59</ymin>
			<xmax>342</xmax>
			<ymax>438</ymax>
		</bndbox>
	</object>
</annotation>
