<annotation>
	<folder>tuktuk</folder>
	<filename>tuktuk82.jpg</filename>
	<path>C:\Users\PriyalWalpita\Documents\tuktuk\tuktuk82.jpg</path>
	<source>
		<database>Unknown</database>
	</source>
	<size>
		<width>324</width>
		<height>156</height>
		<depth>3</depth>
	</size>
	<segmented>0</segmented>
	<object>
		<name>tuk tuk</name>
		<pose>Unspecified</pose>
		<truncated>0</truncated>
		<difficult>0</difficult>
		<bndbox>
			<xmin>144</xmin>
			<ymin>37</ymin>
			<xmax>281</xmax>
			<ymax>139</ymax>
		</bndbox>
	</object>
	<object>
		<name>tuk tuk</name>
		<pose>Unspecified</pose>
		<truncated>1</truncated>
		<difficult>0</difficult>
		<bndbox>
			<xmin>60</xmin>
			<ymin>1</ymin>
			<xmax>109</xmax>
			<ymax>141</ymax>
		</bndbox>
	</object>
	<object>
		<name>tuk tuk</name>
		<pose>Unspecified</pose>
		<truncated>0</truncated>
		<difficult>0</difficult>
		<bndbox>
			<xmin>294</xmin>
			<ymin>36</ymin>
			<xmax>313</xmax>
			<ymax>61</ymax>
		</bndbox>
	</object>
</annotation>
