<annotation>
	<folder>tuktuk</folder>
	<filename>tuktuk70.jpg</filename>
	<path>C:\Users\PriyalWalpita\Documents\tuktuk\tuktuk70.jpg</path>
	<source>
		<database>Unknown</database>
	</source>
	<size>
		<width>260</width>
		<height>194</height>
		<depth>3</depth>
	</size>
	<segmented>0</segmented>
	<object>
		<name>tuk tuk</name>
		<pose>Unspecified</pose>
		<truncated>0</truncated>
		<difficult>0</difficult>
		<bndbox>
			<xmin>90</xmin>
			<ymin>50</ymin>
			<xmax>200</xmax>
			<ymax>158</ymax>
		</bndbox>
	</object>
</annotation>
