<annotation>
	<folder>tuktuk</folder>
	<filename>tuktuk33.jpg</filename>
	<path>C:\Users\PriyalWalpita\Documents\tuktuk\tuktuk33.jpg</path>
	<source>
		<database>Unknown</database>
	</source>
	<size>
		<width>1300</width>
		<height>956</height>
		<depth>3</depth>
	</size>
	<segmented>0</segmented>
	<object>
		<name>tuk tuk</name>
		<pose>Unspecified</pose>
		<truncated>0</truncated>
		<difficult>0</difficult>
		<bndbox>
			<xmin>42</xmin>
			<ymin>93</ymin>
			<xmax>506</xmax>
			<ymax>836</ymax>
		</bndbox>
	</object>
	<object>
		<name>tuk tuk</name>
		<pose>Unspecified</pose>
		<truncated>0</truncated>
		<difficult>0</difficult>
		<bndbox>
			<xmin>555</xmin>
			<ymin>126</ymin>
			<xmax>1130</xmax>
			<ymax>725</ymax>
		</bndbox>
	</object>
</annotation>
