<annotation>
	<folder>tuktuk</folder>
	<filename>tuktuk85.jpg</filename>
	<path>C:\Users\PriyalWalpita\Documents\tuktuk\tuktuk85.jpg</path>
	<source>
		<database>Unknown</database>
	</source>
	<size>
		<width>266</width>
		<height>189</height>
		<depth>3</depth>
	</size>
	<segmented>0</segmented>
	<object>
		<name>tuk tuk</name>
		<pose>Unspecified</pose>
		<truncated>0</truncated>
		<difficult>0</difficult>
		<bndbox>
			<xmin>34</xmin>
			<ymin>41</ymin>
			<xmax>215</xmax>
			<ymax>164</ymax>
		</bndbox>
	</object>
</annotation>
