<annotation>
	<folder>tuktuk</folder>
	<filename>tuktuk10.jpg</filename>
	<path>C:\Users\PriyalWalpita\Documents\tuktuk\tuktuk10.jpg</path>
	<source>
		<database>Unknown</database>
	</source>
	<size>
		<width>308</width>
		<height>164</height>
		<depth>3</depth>
	</size>
	<segmented>0</segmented>
	<object>
		<name>tuk tuk</name>
		<pose>Unspecified</pose>
		<truncated>0</truncated>
		<difficult>0</difficult>
		<bndbox>
			<xmin>131</xmin>
			<ymin>67</ymin>
			<xmax>196</xmax>
			<ymax>163</ymax>
		</bndbox>
	</object>
</annotation>
