<annotation>
	<folder>tuktuk</folder>
	<filename>tuktuk79.jpg</filename>
	<path>C:\Users\PriyalWalpita\Documents\tuktuk\tuktuk79.jpg</path>
	<source>
		<database>Unknown</database>
	</source>
	<size>
		<width>299</width>
		<height>168</height>
		<depth>3</depth>
	</size>
	<segmented>0</segmented>
	<object>
		<name>tuk tuk</name>
		<pose>Unspecified</pose>
		<truncated>0</truncated>
		<difficult>0</difficult>
		<bndbox>
			<xmin>96</xmin>
			<ymin>12</ymin>
			<xmax>212</xmax>
			<ymax>161</ymax>
		</bndbox>
	</object>
</annotation>
