<annotation>
	<folder>tuktuk</folder>
	<filename>tuktuk57.jpg</filename>
	<path>C:\Users\PriyalWalpita\Documents\tuktuk\tuktuk57.jpg</path>
	<source>
		<database>Unknown</database>
	</source>
	<size>
		<width>262</width>
		<height>192</height>
		<depth>3</depth>
	</size>
	<segmented>0</segmented>
	<object>
		<name>tuk tuk</name>
		<pose>Unspecified</pose>
		<truncated>0</truncated>
		<difficult>0</difficult>
		<bndbox>
			<xmin>163</xmin>
			<ymin>123</ymin>
			<xmax>199</xmax>
			<ymax>167</ymax>
		</bndbox>
	</object>
	<object>
		<name>tuk tuk</name>
		<pose>Unspecified</pose>
		<truncated>0</truncated>
		<difficult>0</difficult>
		<bndbox>
			<xmin>39</xmin>
			<ymin>122</ymin>
			<xmax>103</xmax>
			<ymax>163</ymax>
		</bndbox>
	</object>
</annotation>
