<annotation>
	<folder>tuktuk</folder>
	<filename>tuktuk51.jpg</filename>
	<path>C:\Users\PriyalWalpita\Documents\tuktuk\tuktuk51.jpg</path>
	<source>
		<database>Unknown</database>
	</source>
	<size>
		<width>261</width>
		<height>193</height>
		<depth>3</depth>
	</size>
	<segmented>0</segmented>
	<object>
		<name>tuk tuk</name>
		<pose>Unspecified</pose>
		<truncated>0</truncated>
		<difficult>0</difficult>
		<bndbox>
			<xmin>92</xmin>
			<ymin>20</ymin>
			<xmax>205</xmax>
			<ymax>189</ymax>
		</bndbox>
	</object>
	<object>
		<name>tuk tuk</name>
		<pose>Unspecified</pose>
		<truncated>0</truncated>
		<difficult>0</difficult>
		<bndbox>
			<xmin>34</xmin>
			<ymin>35</ymin>
			<xmax>95</xmax>
			<ymax>113</ymax>
		</bndbox>
	</object>
</annotation>
