<annotation>
	<folder>tuktuk</folder>
	<filename>tuktuk98.jpg</filename>
	<path>C:\Users\PriyalWalpita\Documents\tuktuk\tuktuk98.jpg</path>
	<source>
		<database>Unknown</database>
	</source>
	<size>
		<width>262</width>
		<height>192</height>
		<depth>3</depth>
	</size>
	<segmented>0</segmented>
	<object>
		<name>tuk tuk</name>
		<pose>Unspecified</pose>
		<truncated>0</truncated>
		<difficult>0</difficult>
		<bndbox>
			<xmin>5</xmin>
			<ymin>62</ymin>
			<xmax>87</xmax>
			<ymax>129</ymax>
		</bndbox>
	</object>
	<object>
		<name>tuk tuk</name>
		<pose>Unspecified</pose>
		<truncated>0</truncated>
		<difficult>0</difficult>
		<bndbox>
			<xmin>120</xmin>
			<ymin>56</ymin>
			<xmax>251</xmax>
			<ymax>155</ymax>
		</bndbox>
	</object>
</annotation>
