<annotation>
	<folder>tuktuk</folder>
	<filename>tuktuk71.jpg</filename>
	<path>C:\Users\PriyalWalpita\Documents\tuktuk\tuktuk71.jpg</path>
	<source>
		<database>Unknown</database>
	</source>
	<size>
		<width>295</width>
		<height>171</height>
		<depth>3</depth>
	</size>
	<segmented>0</segmented>
	<object>
		<name>tuk tuk</name>
		<pose>Unspecified</pose>
		<truncated>0</truncated>
		<difficult>0</difficult>
		<bndbox>
			<xmin>128</xmin>
			<ymin>24</ymin>
			<xmax>210</xmax>
			<ymax>124</ymax>
		</bndbox>
	</object>
</annotation>
