<annotation>
	<folder>tuktuk</folder>
	<filename>tuktuk15.jpg</filename>
	<path>C:\Users\PriyalWalpita\Documents\tuktuk\tuktuk15.jpg</path>
	<source>
		<database>Unknown</database>
	</source>
	<size>
		<width>3800</width>
		<height>2138</height>
		<depth>3</depth>
	</size>
	<segmented>0</segmented>
	<object>
		<name>tuk tuk</name>
		<pose>Unspecified</pose>
		<truncated>0</truncated>
		<difficult>0</difficult>
		<bndbox>
			<xmin>564</xmin>
			<ymin>844</ymin>
			<xmax>930</xmax>
			<ymax>1340</ymax>
		</bndbox>
	</object>
	<object>
		<name>tuk tuk</name>
		<pose>Unspecified</pose>
		<truncated>1</truncated>
		<difficult>0</difficult>
		<bndbox>
			<xmin>1533</xmin>
			<ymin>583</ymin>
			<xmax>3766</xmax>
			<ymax>2138</ymax>
		</bndbox>
	</object>
</annotation>
