<annotation>
	<folder>tuktuk</folder>
	<filename>tuktuk1.jpg</filename>
	<path>C:\Users\PriyalWalpita\Documents\tuktuk\tuktuk1.jpg</path>
	<source>
		<database>Unknown</database>
	</source>
	<size>
		<width>852</width>
		<height>480</height>
		<depth>3</depth>
	</size>
	<segmented>0</segmented>
	<object>
		<name>tuk tuk</name>
		<pose>Unspecified</pose>
		<truncated>0</truncated>
		<difficult>0</difficult>
		<bndbox>
			<xmin>485</xmin>
			<ymin>187</ymin>
			<xmax>619</xmax>
			<ymax>356</ymax>
		</bndbox>
	</object>
	<object>
		<name>tuk tuk</name>
		<pose>Unspecified</pose>
		<truncated>0</truncated>
		<difficult>0</difficult>
		<bndbox>
			<xmin>360</xmin>
			<ymin>171</ymin>
			<xmax>421</xmax>
			<ymax>298</ymax>
		</bndbox>
	</object>
	<object>
		<name>tuk tuk</name>
		<pose>Unspecified</pose>
		<truncated>0</truncated>
		<difficult>0</difficult>
		<bndbox>
			<xmin>167</xmin>
			<ymin>123</ymin>
			<xmax>200</xmax>
			<ymax>189</ymax>
		</bndbox>
	</object>
</annotation>
