<annotation>
	<folder>tuktuk</folder>
	<filename>tuktuk42.jpg</filename>
	<path>C:\Users\PriyalWalpita\Documents\tuktuk\tuktuk42.jpg</path>
	<source>
		<database>Unknown</database>
	</source>
	<size>
		<width>1000</width>
		<height>667</height>
		<depth>3</depth>
	</size>
	<segmented>0</segmented>
	<object>
		<name>tuk tuk</name>
		<pose>Unspecified</pose>
		<truncated>0</truncated>
		<difficult>0</difficult>
		<bndbox>
			<xmin>506</xmin>
			<ymin>338</ymin>
			<xmax>864</xmax>
			<ymax>595</ymax>
		</bndbox>
	</object>
</annotation>
