<annotation>
	<folder>tuktuk</folder>
	<filename>tuktuk23.jpg</filename>
	<path>C:\Users\PriyalWalpita\Documents\tuktuk\tuktuk23.jpg</path>
	<source>
		<database>Unknown</database>
	</source>
	<size>
		<width>259</width>
		<height>194</height>
		<depth>3</depth>
	</size>
	<segmented>0</segmented>
	<object>
		<name>tuk tuk</name>
		<pose>Unspecified</pose>
		<truncated>0</truncated>
		<difficult>0</difficult>
		<bndbox>
			<xmin>2</xmin>
			<ymin>20</ymin>
			<xmax>171</xmax>
			<ymax>151</ymax>
		</bndbox>
	</object>
	<object>
		<name>tuk tuk</name>
		<pose>Unspecified</pose>
		<truncated>0</truncated>
		<difficult>0</difficult>
		<bndbox>
			<xmin>150</xmin>
			<ymin>22</ymin>
			<xmax>257</xmax>
			<ymax>192</ymax>
		</bndbox>
	</object>
</annotation>
