<annotation>
	<folder>tuktuk</folder>
	<filename>tuktuk91.jpg</filename>
	<path>C:\Users\PriyalWalpita\Documents\tuktuk\tuktuk91.jpg</path>
	<source>
		<database>Unknown</database>
	</source>
	<size>
		<width>299</width>
		<height>169</height>
		<depth>3</depth>
	</size>
	<segmented>0</segmented>
	<object>
		<name>tuk tuk</name>
		<pose>Unspecified</pose>
		<truncated>0</truncated>
		<difficult>0</difficult>
		<bndbox>
			<xmin>126</xmin>
			<ymin>82</ymin>
			<xmax>197</xmax>
			<ymax>146</ymax>
		</bndbox>
	</object>
</annotation>
