<annotation>
	<folder>tuktuk</folder>
	<filename>tuktuk11.jpg</filename>
	<path>C:\Users\PriyalWalpita\Documents\tuktuk\tuktuk11.jpg</path>
	<source>
		<database>Unknown</database>
	</source>
	<size>
		<width>1080</width>
		<height>667</height>
		<depth>3</depth>
	</size>
	<segmented>0</segmented>
	<object>
		<name>tuk tuk</name>
		<pose>Unspecified</pose>
		<truncated>0</truncated>
		<difficult>0</difficult>
		<bndbox>
			<xmin>2</xmin>
			<ymin>141</ymin>
			<xmax>236</xmax>
			<ymax>364</ymax>
		</bndbox>
	</object>
</annotation>
