<annotation>
	<folder>tuktuk</folder>
	<filename>tuktuk5.jpg</filename>
	<path>C:\Users\PriyalWalpita\Documents\tuktuk\tuktuk5.jpg</path>
	<source>
		<database>Unknown</database>
	</source>
	<size>
		<width>800</width>
		<height>534</height>
		<depth>3</depth>
	</size>
	<segmented>0</segmented>
	<object>
		<name>tuk tuk</name>
		<pose>Unspecified</pose>
		<truncated>0</truncated>
		<difficult>0</difficult>
		<bndbox>
			<xmin>165</xmin>
			<ymin>113</ymin>
			<xmax>391</xmax>
			<ymax>520</ymax>
		</bndbox>
	</object>
	<object>
		<name>tuk tuk</name>
		<pose>Unspecified</pose>
		<truncated>0</truncated>
		<difficult>0</difficult>
		<bndbox>
			<xmin>545</xmin>
			<ymin>135</ymin>
			<xmax>670</xmax>
			<ymax>290</ymax>
		</bndbox>
	</object>
	<object>
		<name>tuk tuk</name>
		<pose>Unspecified</pose>
		<truncated>0</truncated>
		<difficult>0</difficult>
		<bndbox>
			<xmin>683</xmin>
			<ymin>141</ymin>
			<xmax>723</xmax>
			<ymax>223</ymax>
		</bndbox>
	</object>
</annotation>
