<annotation>
	<folder>tuktuk</folder>
	<filename>tuktuk34.jpg</filename>
	<path>C:\Users\PriyalWalpita\Documents\tuktuk\tuktuk34.jpg</path>
	<source>
		<database>Unknown</database>
	</source>
	<size>
		<width>866</width>
		<height>1300</height>
		<depth>3</depth>
	</size>
	<segmented>0</segmented>
	<object>
		<name>tuk tuk</name>
		<pose>Unspecified</pose>
		<truncated>0</truncated>
		<difficult>0</difficult>
		<bndbox>
			<xmin>233</xmin>
			<ymin>541</ymin>
			<xmax>619</xmax>
			<ymax>1014</ymax>
		</bndbox>
	</object>
</annotation>
