<annotation>
	<folder>tuktuk</folder>
	<filename>tuktuk49.jpg</filename>
	<path>C:\Users\PriyalWalpita\Documents\tuktuk\tuktuk49.jpg</path>
	<source>
		<database>Unknown</database>
	</source>
	<size>
		<width>262</width>
		<height>192</height>
		<depth>3</depth>
	</size>
	<segmented>0</segmented>
	<object>
		<name>tuk tuk</name>
		<pose>Unspecified</pose>
		<truncated>0</truncated>
		<difficult>0</difficult>
		<bndbox>
			<xmin>36</xmin>
			<ymin>28</ymin>
			<xmax>242</xmax>
			<ymax>164</ymax>
		</bndbox>
	</object>
</annotation>
