<annotation>
	<folder>tuktuk</folder>
	<filename>tuktuk41.jpg</filename>
	<path>C:\Users\PriyalWalpita\Documents\tuktuk\tuktuk41.jpg</path>
	<source>
		<database>Unknown</database>
	</source>
	<size>
		<width>640</width>
		<height>480</height>
		<depth>3</depth>
	</size>
	<segmented>0</segmented>
	<object>
		<name>tuk tuk</name>
		<pose>Unspecified</pose>
		<truncated>0</truncated>
		<difficult>0</difficult>
		<bndbox>
			<xmin>132</xmin>
			<ymin>112</ymin>
			<xmax>607</xmax>
			<ymax>478</ymax>
		</bndbox>
	</object>
</annotation>
