<annotation>
	<folder>tuktuk</folder>
	<filename>tuktuk24.jpg</filename>
	<path>C:\Users\PriyalWalpita\Documents\tuktuk\tuktuk24.jpg</path>
	<source>
		<database>Unknown</database>
	</source>
	<size>
		<width>215</width>
		<height>234</height>
		<depth>3</depth>
	</size>
	<segmented>0</segmented>
	<object>
		<name>tuk tuk</name>
		<pose>Unspecified</pose>
		<truncated>0</truncated>
		<difficult>0</difficult>
		<bndbox>
			<xmin>35</xmin>
			<ymin>62</ymin>
			<xmax>113</xmax>
			<ymax>203</ymax>
		</bndbox>
	</object>
	<object>
		<name>tuk tuk</name>
		<pose>Unspecified</pose>
		<truncated>1</truncated>
		<difficult>0</difficult>
		<bndbox>
			<xmin>1</xmin>
			<ymin>66</ymin>
			<xmax>33</xmax>
			<ymax>142</ymax>
		</bndbox>
	</object>
</annotation>
