<annotation>
	<folder>tuktuk</folder>
	<filename>tuktuk74.jpg</filename>
	<path>C:\Users\PriyalWalpita\Documents\tuktuk\tuktuk74.jpg</path>
	<source>
		<database>Unknown</database>
	</source>
	<size>
		<width>300</width>
		<height>168</height>
		<depth>3</depth>
	</size>
	<segmented>0</segmented>
	<object>
		<name>tuk tuk</name>
		<pose>Unspecified</pose>
		<truncated>0</truncated>
		<difficult>0</difficult>
		<bndbox>
			<xmin>144</xmin>
			<ymin>22</ymin>
			<xmax>239</xmax>
			<ymax>120</ymax>
		</bndbox>
	</object>
	<object>
		<name>tuk tuk</name>
		<pose>Unspecified</pose>
		<truncated>0</truncated>
		<difficult>0</difficult>
		<bndbox>
			<xmin>242</xmin>
			<ymin>53</ymin>
			<xmax>269</xmax>
			<ymax>83</ymax>
		</bndbox>
	</object>
	<object>
		<name>tuk tuk</name>
		<pose>Unspecified</pose>
		<truncated>0</truncated>
		<difficult>0</difficult>
		<bndbox>
			<xmin>5</xmin>
			<ymin>24</ymin>
			<xmax>23</xmax>
			<ymax>69</ymax>
		</bndbox>
	</object>
</annotation>
