<annotation>
	<folder>tuktuk</folder>
	<filename>tuktuk21.jpg</filename>
	<path>C:\Users\PriyalWalpita\Documents\tuktuk\tuktuk21.jpg</path>
	<source>
		<database>Unknown</database>
	</source>
	<size>
		<width>276</width>
		<height>183</height>
		<depth>3</depth>
	</size>
	<segmented>0</segmented>
	<object>
		<name>tuk tuk</name>
		<pose>Unspecified</pose>
		<truncated>0</truncated>
		<difficult>0</difficult>
		<bndbox>
			<xmin>123</xmin>
			<ymin>99</ymin>
			<xmax>161</xmax>
			<ymax>142</ymax>
		</bndbox>
	</object>
</annotation>
