<annotation>
	<folder>tuktuk</folder>
	<filename>tuktuk35.jpg</filename>
	<path>C:\Users\PriyalWalpita\Documents\tuktuk\tuktuk35.jpg</path>
	<source>
		<database>Unknown</database>
	</source>
	<size>
		<width>300</width>
		<height>200</height>
		<depth>3</depth>
	</size>
	<segmented>0</segmented>
	<object>
		<name>tuk tuk</name>
		<pose>Unspecified</pose>
		<truncated>0</truncated>
		<difficult>0</difficult>
		<bndbox>
			<xmin>108</xmin>
			<ymin>51</ymin>
			<xmax>194</xmax>
			<ymax>118</ymax>
		</bndbox>
	</object>
</annotation>
