<annotation>
	<folder>tuktuk</folder>
	<filename>tuktuk88.jpg</filename>
	<path>C:\Users\PriyalWalpita\Documents\tuktuk\tuktuk88.jpg</path>
	<source>
		<database>Unknown</database>
	</source>
	<size>
		<width>259</width>
		<height>194</height>
		<depth>3</depth>
	</size>
	<segmented>0</segmented>
	<object>
		<name>tuk tuk</name>
		<pose>Unspecified</pose>
		<truncated>0</truncated>
		<difficult>0</difficult>
		<bndbox>
			<xmin>5</xmin>
			<ymin>59</ymin>
			<xmax>124</xmax>
			<ymax>164</ymax>
		</bndbox>
	</object>
	<object>
		<name>tuk tuk</name>
		<pose>Unspecified</pose>
		<truncated>0</truncated>
		<difficult>0</difficult>
		<bndbox>
			<xmin>130</xmin>
			<ymin>62</ymin>
			<xmax>186</xmax>
			<ymax>109</ymax>
		</bndbox>
	</object>
	<object>
		<name>tuk tuk</name>
		<pose>Unspecified</pose>
		<truncated>1</truncated>
		<difficult>0</difficult>
		<bndbox>
			<xmin>223</xmin>
			<ymin>61</ymin>
			<xmax>259</xmax>
			<ymax>93</ymax>
		</bndbox>
	</object>
</annotation>
