<annotation>
	<folder>tuktuk</folder>
	<filename>tuktuk64.jpg</filename>
	<path>C:\Users\PriyalWalpita\Documents\tuktuk\tuktuk64.jpg</path>
	<source>
		<database>Unknown</database>
	</source>
	<size>
		<width>280</width>
		<height>180</height>
		<depth>3</depth>
	</size>
	<segmented>0</segmented>
	<object>
		<name>tuk tuk</name>
		<pose>Unspecified</pose>
		<truncated>0</truncated>
		<difficult>0</difficult>
		<bndbox>
			<xmin>74</xmin>
			<ymin>48</ymin>
			<xmax>240</xmax>
			<ymax>177</ymax>
		</bndbox>
	</object>
</annotation>
