<annotation>
	<folder>tuktuk</folder>
	<filename>tuktuk13.jpg</filename>
	<path>C:\Users\PriyalWalpita\Documents\tuktuk\tuktuk13.jpg</path>
	<source>
		<database>Unknown</database>
	</source>
	<size>
		<width>550</width>
		<height>367</height>
		<depth>3</depth>
	</size>
	<segmented>0</segmented>
	<object>
		<name>tuk tuk</name>
		<pose>Unspecified</pose>
		<truncated>1</truncated>
		<difficult>0</difficult>
		<bndbox>
			<xmin>236</xmin>
			<ymin>61</ymin>
			<xmax>453</xmax>
			<ymax>367</ymax>
		</bndbox>
	</object>
</annotation>
