<annotation>
	<folder>tuktuk</folder>
	<filename>tuktuk20.jpg</filename>
	<path>C:\Users\PriyalWalpita\Documents\tuktuk\tuktuk20.jpg</path>
	<source>
		<database>Unknown</database>
	</source>
	<size>
		<width>259</width>
		<height>194</height>
		<depth>3</depth>
	</size>
	<segmented>0</segmented>
	<object>
		<name>tuk tuk</name>
		<pose>Unspecified</pose>
		<truncated>0</truncated>
		<difficult>0</difficult>
		<bndbox>
			<xmin>77</xmin>
			<ymin>77</ymin>
			<xmax>173</xmax>
			<ymax>162</ymax>
		</bndbox>
	</object>
</annotation>
