<annotation>
	<folder>tuktuk</folder>
	<filename>tuktuk12.jpg</filename>
	<path>C:\Users\PriyalWalpita\Documents\tuktuk\tuktuk12.jpg</path>
	<source>
		<database>Unknown</database>
	</source>
	<size>
		<width>400</width>
		<height>265</height>
		<depth>3</depth>
	</size>
	<segmented>0</segmented>
	<object>
		<name>tuk tuk</name>
		<pose>Unspecified</pose>
		<truncated>0</truncated>
		<difficult>0</difficult>
		<bndbox>
			<xmin>147</xmin>
			<ymin>79</ymin>
			<xmax>254</xmax>
			<ymax>250</ymax>
		</bndbox>
	</object>
</annotation>
