<annotation>
	<folder>tuktuk</folder>
	<filename>tuktuk19.jpg</filename>
	<path>C:\Users\PriyalWalpita\Documents\tuktuk\tuktuk19.jpg</path>
	<source>
		<database>Unknown</database>
	</source>
	<size>
		<width>263</width>
		<height>192</height>
		<depth>3</depth>
	</size>
	<segmented>0</segmented>
	<object>
		<name>tuk tuk</name>
		<pose>Unspecified</pose>
		<truncated>0</truncated>
		<difficult>0</difficult>
		<bndbox>
			<xmin>128</xmin>
			<ymin>70</ymin>
			<xmax>202</xmax>
			<ymax>150</ymax>
		</bndbox>
	</object>
</annotation>
