<annotation>
	<folder>tuktuk</folder>
	<filename>tuktuk75.jpg</filename>
	<path>C:\Users\PriyalWalpita\Documents\tuktuk\tuktuk75.jpg</path>
	<source>
		<database>Unknown</database>
	</source>
	<size>
		<width>194</width>
		<height>259</height>
		<depth>3</depth>
	</size>
	<segmented>0</segmented>
	<object>
		<name>tuk tuk</name>
		<pose>Unspecified</pose>
		<truncated>0</truncated>
		<difficult>0</difficult>
		<bndbox>
			<xmin>3</xmin>
			<ymin>62</ymin>
			<xmax>171</xmax>
			<ymax>221</ymax>
		</bndbox>
	</object>
</annotation>
