<annotation>
	<folder>tuktuk</folder>
	<filename>tuktuk53.jpg</filename>
	<path>C:\Users\PriyalWalpita\Documents\tuktuk\tuktuk53.jpg</path>
	<source>
		<database>Unknown</database>
	</source>
	<size>
		<width>267</width>
		<height>189</height>
		<depth>3</depth>
	</size>
	<segmented>0</segmented>
	<object>
		<name>tuk tuk</name>
		<pose>Unspecified</pose>
		<truncated>0</truncated>
		<difficult>0</difficult>
		<bndbox>
			<xmin>11</xmin>
			<ymin>5</ymin>
			<xmax>260</xmax>
			<ymax>178</ymax>
		</bndbox>
	</object>
</annotation>
