<annotation>
	<folder>tuktuk</folder>
	<filename>tuktuk69.jpg</filename>
	<path>C:\Users\PriyalWalpita\Documents\tuktuk\tuktuk69.jpg</path>
	<source>
		<database>Unknown</database>
	</source>
	<size>
		<width>259</width>
		<height>194</height>
		<depth>3</depth>
	</size>
	<segmented>0</segmented>
	<object>
		<name>tuk tuk</name>
		<pose>Unspecified</pose>
		<truncated>0</truncated>
		<difficult>0</difficult>
		<bndbox>
			<xmin>64</xmin>
			<ymin>46</ymin>
			<xmax>219</xmax>
			<ymax>169</ymax>
		</bndbox>
	</object>
</annotation>
