<annotation>
	<folder>tuktuk</folder>
	<filename>tuktuk60.jpg</filename>
	<path>C:\Users\PriyalWalpita\Documents\tuktuk\tuktuk60.jpg</path>
	<source>
		<database>Unknown</database>
	</source>
	<size>
		<width>276</width>
		<height>183</height>
		<depth>3</depth>
	</size>
	<segmented>0</segmented>
	<object>
		<name>tuk tuk</name>
		<pose>Unspecified</pose>
		<truncated>0</truncated>
		<difficult>0</difficult>
		<bndbox>
			<xmin>41</xmin>
			<ymin>67</ymin>
			<xmax>95</xmax>
			<ymax>130</ymax>
		</bndbox>
	</object>
</annotation>
