<annotation>
	<folder>tuktuk</folder>
	<filename>tuktuk86.jpg</filename>
	<path>C:\Users\PriyalWalpita\Documents\tuktuk\tuktuk86.jpg</path>
	<source>
		<database>Unknown</database>
	</source>
	<size>
		<width>300</width>
		<height>168</height>
		<depth>3</depth>
	</size>
	<segmented>0</segmented>
	<object>
		<name>tuk tuk</name>
		<pose>Unspecified</pose>
		<truncated>0</truncated>
		<difficult>0</difficult>
		<bndbox>
			<xmin>62</xmin>
			<ymin>29</ymin>
			<xmax>202</xmax>
			<ymax>159</ymax>
		</bndbox>
	</object>
</annotation>
