<annotation>
	<folder>tuktuk</folder>
	<filename>tuktuk93.jpg</filename>
	<path>C:\Users\PriyalWalpita\Documents\tuktuk\tuktuk93.jpg</path>
	<source>
		<database>Unknown</database>
	</source>
	<size>
		<width>150</width>
		<height>200</height>
		<depth>3</depth>
	</size>
	<segmented>0</segmented>
	<object>
		<name>tuk tuk</name>
		<pose>Unspecified</pose>
		<truncated>0</truncated>
		<difficult>0</difficult>
		<bndbox>
			<xmin>14</xmin>
			<ymin>43</ymin>
			<xmax>138</xmax>
			<ymax>173</ymax>
		</bndbox>
	</object>
</annotation>
