<annotation>
	<folder>tuktuk</folder>
	<filename>tuktuk8.jpg</filename>
	<path>C:\Users\PriyalWalpita\Documents\tuktuk\tuktuk8.jpg</path>
	<source>
		<database>Unknown</database>
	</source>
	<size>
		<width>500</width>
		<height>344</height>
		<depth>3</depth>
	</size>
	<segmented>0</segmented>
	<object>
		<name>tuk tuk</name>
		<pose>Unspecified</pose>
		<truncated>0</truncated>
		<difficult>0</difficult>
		<bndbox>
			<xmin>44</xmin>
			<ymin>56</ymin>
			<xmax>257</xmax>
			<ymax>315</ymax>
		</bndbox>
	</object>
	<object>
		<name>tuk tuk</name>
		<pose>Unspecified</pose>
		<truncated>0</truncated>
		<difficult>0</difficult>
		<bndbox>
			<xmin>259</xmin>
			<ymin>149</ymin>
			<xmax>332</xmax>
			<ymax>225</ymax>
		</bndbox>
	</object>
</annotation>
