<annotation>
	<folder>tuktuk</folder>
	<filename>tuktuk2.jpg</filename>
	<path>C:\Users\PriyalWalpita\Documents\tuktuk\tuktuk2.jpg</path>
	<source>
		<database>Unknown</database>
	</source>
	<size>
		<width>1200</width>
		<height>909</height>
		<depth>3</depth>
	</size>
	<segmented>0</segmented>
	<object>
		<name>tuk tuk</name>
		<pose>Unspecified</pose>
		<truncated>0</truncated>
		<difficult>0</difficult>
		<bndbox>
			<xmin>472</xmin>
			<ymin>518</ymin>
			<xmax>793</xmax>
			<ymax>727</ymax>
		</bndbox>
	</object>
</annotation>
