<annotation>
	<folder>tuktuk</folder>
	<filename>tuktuk94.jpg</filename>
	<path>C:\Users\PriyalWalpita\Documents\tuktuk\tuktuk94.jpg</path>
	<source>
		<database>Unknown</database>
	</source>
	<size>
		<width>259</width>
		<height>194</height>
		<depth>3</depth>
	</size>
	<segmented>0</segmented>
	<object>
		<name>tuk tuk</name>
		<pose>Unspecified</pose>
		<truncated>1</truncated>
		<difficult>0</difficult>
		<bndbox>
			<xmin>57</xmin>
			<ymin>47</ymin>
			<xmax>244</xmax>
			<ymax>194</ymax>
		</bndbox>
	</object>
</annotation>
