<annotation>
	<folder>tuktuk</folder>
	<filename>tuktuk65.jpg</filename>
	<path>C:\Users\PriyalWalpita\Documents\tuktuk\tuktuk65.jpg</path>
	<source>
		<database>Unknown</database>
	</source>
	<size>
		<width>275</width>
		<height>183</height>
		<depth>3</depth>
	</size>
	<segmented>0</segmented>
	<object>
		<name>tuk tuk</name>
		<pose>Unspecified</pose>
		<truncated>0</truncated>
		<difficult>0</difficult>
		<bndbox>
			<xmin>121</xmin>
			<ymin>88</ymin>
			<xmax>254</xmax>
			<ymax>176</ymax>
		</bndbox>
	</object>
</annotation>
