<annotation>
	<folder>tuktuk</folder>
	<filename>tuktuk3.jpg</filename>
	<path>C:\Users\PriyalWalpita\Documents\tuktuk\tuktuk3.jpg</path>
	<source>
		<database>Unknown</database>
	</source>
	<size>
		<width>800</width>
		<height>606</height>
		<depth>3</depth>
	</size>
	<segmented>0</segmented>
	<object>
		<name>tuk tuk</name>
		<pose>Unspecified</pose>
		<truncated>0</truncated>
		<difficult>0</difficult>
		<bndbox>
			<xmin>91</xmin>
			<ymin>254</ymin>
			<xmax>462</xmax>
			<ymax>493</ymax>
		</bndbox>
	</object>
</annotation>
