<annotation>
	<folder>tuktuk</folder>
	<filename>tuktuk97.jpg</filename>
	<path>C:\Users\PriyalWalpita\Documents\tuktuk\tuktuk97.jpg</path>
	<source>
		<database>Unknown</database>
	</source>
	<size>
		<width>299</width>
		<height>169</height>
		<depth>3</depth>
	</size>
	<segmented>0</segmented>
	<object>
		<name>tuk tuk</name>
		<pose>Unspecified</pose>
		<truncated>0</truncated>
		<difficult>0</difficult>
		<bndbox>
			<xmin>84</xmin>
			<ymin>83</ymin>
			<xmax>182</xmax>
			<ymax>156</ymax>
		</bndbox>
	</object>
</annotation>
