<annotation>
	<folder>tuktuk</folder>
	<filename>tuktuk87.jpg</filename>
	<path>C:\Users\PriyalWalpita\Documents\tuktuk\tuktuk87.jpg</path>
	<source>
		<database>Unknown</database>
	</source>
	<size>
		<width>279</width>
		<height>180</height>
		<depth>3</depth>
	</size>
	<segmented>0</segmented>
	<object>
		<name>tuk tuk</name>
		<pose>Unspecified</pose>
		<truncated>0</truncated>
		<difficult>0</difficult>
		<bndbox>
			<xmin>82</xmin>
			<ymin>49</ymin>
			<xmax>167</xmax>
			<ymax>145</ymax>
		</bndbox>
	</object>
	<object>
		<name>tuk tuk</name>
		<pose>Unspecified</pose>
		<truncated>0</truncated>
		<difficult>0</difficult>
		<bndbox>
			<xmin>218</xmin>
			<ymin>64</ymin>
			<xmax>252</xmax>
			<ymax>105</ymax>
		</bndbox>
	</object>
</annotation>
