<annotation>
	<folder>tuktuk</folder>
	<filename>tuktuk4.jpg</filename>
	<path>C:\Users\PriyalWalpita\Documents\tuktuk\tuktuk4.jpg</path>
	<source>
		<database>Unknown</database>
	</source>
	<size>
		<width>669</width>
		<height>446</height>
		<depth>3</depth>
	</size>
	<segmented>0</segmented>
	<object>
		<name>tuk tuk</name>
		<pose>Unspecified</pose>
		<truncated>0</truncated>
		<difficult>0</difficult>
		<bndbox>
			<xmin>190</xmin>
			<ymin>120</ymin>
			<xmax>574</xmax>
			<ymax>445</ymax>
		</bndbox>
	</object>
</annotation>
