<annotation>
	<folder>tuktuk</folder>
	<filename>tuktuk32.jpg</filename>
	<path>C:\Users\PriyalWalpita\Documents\tuktuk\tuktuk32.jpg</path>
	<source>
		<database>Unknown</database>
	</source>
	<size>
		<width>1920</width>
		<height>1080</height>
		<depth>3</depth>
	</size>
	<segmented>0</segmented>
	<object>
		<name>tuk tuk</name>
		<pose>Unspecified</pose>
		<truncated>0</truncated>
		<difficult>0</difficult>
		<bndbox>
			<xmin>519</xmin>
			<ymin>106</ymin>
			<xmax>1852</xmax>
			<ymax>1050</ymax>
		</bndbox>
	</object>
</annotation>
