<annotation>
	<folder>tuktuk</folder>
	<filename>tuktuk50.jpg</filename>
	<path>C:\Users\PriyalWalpita\Documents\tuktuk\tuktuk50.jpg</path>
	<source>
		<database>Unknown</database>
	</source>
	<size>
		<width>220</width>
		<height>157</height>
		<depth>3</depth>
	</size>
	<segmented>0</segmented>
	<object>
		<name>tuk tuk</name>
		<pose>Unspecified</pose>
		<truncated>0</truncated>
		<difficult>0</difficult>
		<bndbox>
			<xmin>53</xmin>
			<ymin>21</ymin>
			<xmax>154</xmax>
			<ymax>143</ymax>
		</bndbox>
	</object>
</annotation>
