<annotation>
	<folder>tuktuk</folder>
	<filename>tuktuk77.jpg</filename>
	<path>C:\Users\PriyalWalpita\Documents\tuktuk\tuktuk77.jpg</path>
	<source>
		<database>Unknown</database>
	</source>
	<size>
		<width>282</width>
		<height>179</height>
		<depth>3</depth>
	</size>
	<segmented>0</segmented>
	<object>
		<name>tuk tuk</name>
		<pose>Unspecified</pose>
		<truncated>0</truncated>
		<difficult>0</difficult>
		<bndbox>
			<xmin>35</xmin>
			<ymin>76</ymin>
			<xmax>121</xmax>
			<ymax>177</ymax>
		</bndbox>
	</object>
</annotation>
