<annotation>
	<folder>tuktuk</folder>
	<filename>tuktuk38.jpg</filename>
	<path>C:\Users\PriyalWalpita\Documents\tuktuk\tuktuk38.jpg</path>
	<source>
		<database>Unknown</database>
	</source>
	<size>
		<width>900</width>
		<height>600</height>
		<depth>3</depth>
	</size>
	<segmented>0</segmented>
	<object>
		<name>tuk tuk</name>
		<pose>Unspecified</pose>
		<truncated>0</truncated>
		<difficult>0</difficult>
		<bndbox>
			<xmin>46</xmin>
			<ymin>180</ymin>
			<xmax>523</xmax>
			<ymax>586</ymax>
		</bndbox>
	</object>
</annotation>
