<annotation>
	<folder>tuktuk</folder>
	<filename>tuktuk61.jpg</filename>
	<path>C:\Users\PriyalWalpita\Documents\tuktuk\tuktuk61.jpg</path>
	<source>
		<database>Unknown</database>
	</source>
	<size>
		<width>259</width>
		<height>195</height>
		<depth>3</depth>
	</size>
	<segmented>0</segmented>
	<object>
		<name>tuk tuk</name>
		<pose>Unspecified</pose>
		<truncated>0</truncated>
		<difficult>0</difficult>
		<bndbox>
			<xmin>191</xmin>
			<ymin>114</ymin>
			<xmax>239</xmax>
			<ymax>174</ymax>
		</bndbox>
	</object>
	<object>
		<name>tuk tuk</name>
		<pose>Unspecified</pose>
		<truncated>0</truncated>
		<difficult>0</difficult>
		<bndbox>
			<xmin>235</xmin>
			<ymin>114</ymin>
			<xmax>246</xmax>
			<ymax>152</ymax>
		</bndbox>
	</object>
</annotation>
