<annotation>
	<folder>tuktuk</folder>
	<filename>tuktuk55.jpg</filename>
	<path>C:\Users\PriyalWalpita\Documents\tuktuk\tuktuk55.jpg</path>
	<source>
		<database>Unknown</database>
	</source>
	<size>
		<width>275</width>
		<height>183</height>
		<depth>3</depth>
	</size>
	<segmented>0</segmented>
	<object>
		<name>tuk tuk</name>
		<pose>Unspecified</pose>
		<truncated>0</truncated>
		<difficult>0</difficult>
		<bndbox>
			<xmin>80</xmin>
			<ymin>84</ymin>
			<xmax>159</xmax>
			<ymax>166</ymax>
		</bndbox>
	</object>
</annotation>
