<annotation>
	<folder>tuktuk</folder>
	<filename>tuktuk14.jpg</filename>
	<path>C:\Users\PriyalWalpita\Documents\tuktuk\tuktuk14.jpg</path>
	<source>
		<database>Unknown</database>
	</source>
	<size>
		<width>600</width>
		<height>337</height>
		<depth>3</depth>
	</size>
	<segmented>0</segmented>
	<object>
		<name>tuk tuk</name>
		<pose>Unspecified</pose>
		<truncated>0</truncated>
		<difficult>0</difficult>
		<bndbox>
			<xmin>387</xmin>
			<ymin>24</ymin>
			<xmax>557</xmax>
			<ymax>225</ymax>
		</bndbox>
	</object>
	<object>
		<name>tuk tuk</name>
		<pose>Unspecified</pose>
		<truncated>0</truncated>
		<difficult>0</difficult>
		<bndbox>
			<xmin>235</xmin>
			<ymin>23</ymin>
			<xmax>427</xmax>
			<ymax>334</ymax>
		</bndbox>
	</object>
</annotation>
