<annotation>
	<folder>tuktuk</folder>
	<filename>tuktuk56.jpg</filename>
	<path>C:\Users\PriyalWalpita\Documents\tuktuk\tuktuk56.jpg</path>
	<source>
		<database>Unknown</database>
	</source>
	<size>
		<width>234</width>
		<height>215</height>
		<depth>3</depth>
	</size>
	<segmented>0</segmented>
	<object>
		<name>tuk tuk</name>
		<pose>Unspecified</pose>
		<truncated>0</truncated>
		<difficult>0</difficult>
		<bndbox>
			<xmin>55</xmin>
			<ymin>131</ymin>
			<xmax>98</xmax>
			<ymax>176</ymax>
		</bndbox>
	</object>
	<object>
		<name>tuk tuk</name>
		<pose>Unspecified</pose>
		<truncated>0</truncated>
		<difficult>0</difficult>
		<bndbox>
			<xmin>100</xmin>
			<ymin>126</ymin>
			<xmax>146</xmax>
			<ymax>182</ymax>
		</bndbox>
	</object>
	<object>
		<name>tuk tuk</name>
		<pose>Unspecified</pose>
		<truncated>0</truncated>
		<difficult>0</difficult>
		<bndbox>
			<xmin>148</xmin>
			<ymin>127</ymin>
			<xmax>161</xmax>
			<ymax>164</ymax>
		</bndbox>
	</object>
	<object>
		<name>tuk tuk</name>
		<pose>Unspecified</pose>
		<truncated>0</truncated>
		<difficult>0</difficult>
		<bndbox>
			<xmin>192</xmin>
			<ymin>131</ymin>
			<xmax>209</xmax>
			<ymax>146</ymax>
		</bndbox>
	</object>
</annotation>
