<annotation>
	<folder>tuktuk</folder>
	<filename>tuktuk45.jpg</filename>
	<path>C:\Users\PriyalWalpita\Documents\tuktuk\tuktuk45.jpg</path>
	<source>
		<database>Unknown</database>
	</source>
	<size>
		<width>1024</width>
		<height>768</height>
		<depth>3</depth>
	</size>
	<segmented>0</segmented>
	<object>
		<name>tuk tuk</name>
		<pose>Unspecified</pose>
		<truncated>0</truncated>
		<difficult>0</difficult>
		<bndbox>
			<xmin>702</xmin>
			<ymin>476</ymin>
			<xmax>834</xmax>
			<ymax>687</ymax>
		</bndbox>
	</object>
	<object>
		<name>tuk tuk</name>
		<pose>Unspecified</pose>
		<truncated>0</truncated>
		<difficult>0</difficult>
		<bndbox>
			<xmin>415</xmin>
			<ymin>488</ymin>
			<xmax>501</xmax>
			<ymax>588</ymax>
		</bndbox>
	</object>
	<object>
		<name>tuk tuk</name>
		<pose>Unspecified</pose>
		<truncated>0</truncated>
		<difficult>0</difficult>
		<bndbox>
			<xmin>335</xmin>
			<ymin>481</ymin>
			<xmax>391</xmax>
			<ymax>535</ymax>
		</bndbox>
	</object>
</annotation>
