<annotation>
	<folder>tuktuk</folder>
	<filename>tuktuk22.jpg</filename>
	<path>C:\Users\PriyalWalpita\Documents\tuktuk\tuktuk22.jpg</path>
	<source>
		<database>Unknown</database>
	</source>
	<size>
		<width>275</width>
		<height>183</height>
		<depth>3</depth>
	</size>
	<segmented>0</segmented>
	<object>
		<name>tuk tuk</name>
		<pose>Unspecified</pose>
		<truncated>0</truncated>
		<difficult>0</difficult>
		<bndbox>
			<xmin>144</xmin>
			<ymin>104</ymin>
			<xmax>227</xmax>
			<ymax>162</ymax>
		</bndbox>
	</object>
</annotation>
